stock_id,date_id,seconds_in_bucket,imbalance_size,imbalance_buy_sell_flag,reference_price,matched_size,far_price,near_price,bid_price,bid_size,ask_price,ask_size,wap,target,time_id,row_id
0,0,0,3180602.69,1,0.999812,13380276.64,,,0.999812,60651.5,1.000026,8493.03,1.0,-3.029704,0,0_0_0
1,0,0,166603.91,-1,0.999896,1642214.25,,,0.999896,3233.04,1.00066,20605.09,1.0,-5.519986,0,0_0_1
2,0,0,302879.87,-1,0.999561,1819368.03,,,0.999403,37956.0,1.000298,18995.0,1.0,-8.38995,0,0_0_2
0,0,10,1299772.7,1,1.000026,15261106.63,,,0.999812,13996.5,1.000026,23519.16,0.999892,0.38981438,1,0_10_0
1,0,10,165923.2,-1,0.999955,1642894.96,,,0.999896,3743.52,1.00066,33717.42,0.999973,-1.6200542,1,0_10_1
2,0,10,184766.21,-1,0.999561,1937481.68,,,0.999403,37956.0,1.000298,379.9,1.00029,-7.4601173,1,0_10_2
0,0,20,1299772.7,1,0.999919,15261106.63,,,0.999812,4665.5,0.999919,12131.6,0.999842,4.220009,2,0_20_0
1,0,20,165923.2,-1,0.999955,1642894.96,,,0.999896,3743.52,1.00066,33717.42,0.999973,-6.4599514,2,0_20_1
2,0,20,169764.64,-1,0.999351,1952483.25,,,0.999193,18974.0,0.999877,569.61,0.999857,-6.380081,2,0_20_2
0,0,30,1299772.7,1,1.000133,15261106.63,,,1.000026,55998.0,1.000133,46203.3,1.000085,5.4502487,3,0_30_0
1,0,30,165923.2,-1,0.999896,1642894.96,,,0.999896,4254.0,1.000308,3574.83,1.00012,-5.1498413,3,0_30_1
2,0,30,169764.64,-1,0.999351,1952483.25,,,0.999193,18974.0,0.999877,189.87,0.99987,-5.8197975,3,0_30_2
0,0,40,1218204.43,1,1.000455,15342674.9,,,1.000241,14655.95,1.000455,26610.45,1.000317,3.169775,4,0_40_0
1,0,40,162349.47,-1,0.999955,1646468.69,,,0.999896,21270.0,1.000308,3574.83,1.000248,-6.750226,4,0_40_1
2,0,40,169764.64,-1,0.999351,1952483.25,,,0.999193,18974.0,0.99993,49368.8,0.999397,-0.28014183,4,0_40_2
0,0,50,1218204.43,1,1.000455,15342674.9,,,1.000348,42012.0,1.000455,9897.22,1.000434,0.5996227,5,0_50_0
1,0,50,155542.37,-1,0.999955,1653275.8,,,0.999896,20929.68,1.000308,3574.83,1.000248,-5.9497356,5,0_50_1
2,0,50,165207.2,-1,0.999824,1957040.69,,,0.999193,18974.0,1.00093,380.14,1.000896,-16.279816,5,0_50_2
0,0,60,1218204.43,1,1.000562,15342674.9,,,1.000455,14005.5,1.000562,10085.04,1.000517,-0.2002716,6,0_60_0
1,0,60,175963.68,-1,1.000249,1634726.44,,,1.000249,170.22,1.000543,2383.78,1.000268,-4.6801567,6,0_60_1
2,0,60,169954.53,-1,0.999824,1957040.69,,,0.999719,18984.0,1.000246,19183.94,0.999981,9.080172,6,0_60_2
0,0,70,1264494.89,1,1.000455,15352380.96,,,1.000348,37904.16,1.000455,17366.82,1.000421,2.4104118,7,0_70_0
1,0,70,158945.92,-1,1.000249,1651744.2,,,1.000249,510.66,1.000543,2383.78,1.000301,-5.7697296,7,0_70_1
2,0,70,168625.28,-1,0.999824,1958369.95,,,0.999719,18984.0,1.000193,9686.43,1.000033,9.540319,7,0_70_2
0,0,80,1189832.86,1,1.000241,15427043.0,,,1.000133,9427.34,1.000241,61984.4,1.000148,-0.38981438,8,0_80_0
1,0,80,136822.82,-1,0.99925,1673867.3,,,0.999191,340.08,0.999838,11059.75,0.99921,1.2695789,8,0_80_1
2,0,80,172423.15,-1,0.999245,1958369.95,,,0.998982,2086.7,0.999666,9681.33,0.999103,14.7295,8,0_80_2
0,0,90,1189272.89,1,1.000562,15427602.97,,,1.000348,23340.0,1.000562,40433.54,1.000426,-4.339814,9,0_90_0
1,0,90,133249.09,-1,0.999191,1677441.03,,,0.999191,17004.0,0.999426,2040.96,0.999401,-1.2999773,9,0_90_1
2,0,90,172423.15,-1,0.999193,1958369.95,,,0.998982,2086.7,0.999561,9680.31,0.999085,14.139414,9,0_90_2
0,0,100,1249282.5,1,1.000348,15427602.97,,,1.000241,9801.75,1.000348,42572.16,1.000261,-2.0498037,10,0_100_0
1,0,100,132057.85,-1,0.999191,1678632.27,,,0.999191,170.04,0.999779,10718.82,0.9992,-5.980134,10,0_100_1
2,0,100,172423.15,-1,0.998982,1958369.95,,,0.998982,2086.7,0.999351,47632.27,0.998997,11.34038,10,0_100_2
0,0,110,1277280.77,1,1.000133,15399604.7,,,1.000026,5039.82,1.000133,28375.36,1.000042,0.02026558,11,0_110_0
1,0,110,132057.85,-1,0.999191,1678632.27,,,0.999191,170.04,0.999779,10718.82,0.9992,-10.449886,11,0_110_1
2,0,110,163688.05,-1,0.999035,1967105.04,,,0.998771,1517.28,0.999351,18977.0,0.998814,20.22028,11,0_110_2
0,0,120,1216057.9,1,1.000133,15460827.57,,,0.999812,43482.46,1.000026,68224.23,0.999895,2.2900105,12,0_120_0
1,0,120,115550.62,-1,0.999191,1695139.5,,,0.999191,170.04,0.999779,12930.64,0.999199,-6.5499544,12,0_120_1
2,0,120,161219.44,-1,0.999351,1969573.65,,,0.999193,18974.0,1.000298,189.95,1.000287,2.95043,12,0_120_2
0,0,130,1216057.9,1,1.000026,15460827.57,,,0.999812,32658.5,1.000026,13999.5,0.999962,1.0001659,13,0_130_0
1,0,130,115550.62,-1,0.999015,1695139.5,,,0.999015,170.01,0.999661,11908.4,0.999024,5.120039,13,0_130_1
2,0,130,162358.8,-1,0.999403,1980397.57,,,0.999193,18974.0,1.000298,189.95,1.000287,-3.1799078,13,0_130_2
0,0,140,1104904.79,1,0.999919,15571980.68,,,0.999705,33028.2,0.999919,25196.4,0.999826,-1.6999245,14,0_140_0
1,0,140,115550.62,-1,0.998956,1695139.5,,,0.998956,2890.0,0.999426,10715.04,0.999056,10.709763,14,0_140_1
2,0,140,153243.92,-1,0.999877,1989512.45,,,0.999772,19934.25,1.000298,189.95,1.000293,-0.9697676,14,0_140_2
0,0,150,1085679.32,1,0.999812,15591206.15,,,0.999705,51688.2,0.999812,15769.39,0.999787,-1.6802549,15,0_150_0
1,0,150,115550.62,-1,0.998956,1695139.5,,,0.999015,17001.0,0.999074,2380.28,0.999066,8.100271,15,0_150_1
2,0,150,153243.92,-1,0.999877,1989512.45,,,0.999772,19934.25,1.000298,189.95,1.000293,-4.159808,15,0_150_2
0,0,160,1085679.32,1,0.999598,15591206.15,,,0.999491,7089.28,0.999598,186.58,0.999595,-4.119873,16,0_160_0
1,0,160,115550.62,-1,0.99831,1695139.5,,,0.998133,169.86,0.998956,13770.0,0.998143,18.160343,16,0_160_1
2,0,160,146217.87,-1,0.998929,1996538.51,,,0.998771,19345.32,1.000562,19190.0,0.999671,-4.5102835,16,0_160_2
0,0,170,1085679.32,1,0.999598,15591206.15,,,0.999383,29939.67,0.999598,28173.58,0.999494,-4.490018,17,0_170_0
1,0,170,74707.99,-1,0.997605,1715220.46,,,0.997605,169.77,0.998075,44670.55,0.997606,25.310516,17,0_170_1
2,0,170,146217.87,-1,0.999193,1996538.51,,,0.998771,19914.3,1.000298,189.95,1.000284,-11.249781,17,0_170_2
0,0,180,1445736.98,1,0.999705,15642349.64,,,0.999598,18658.0,0.999705,9330.0,0.999669,-3.029704,18,0_180_0
1,0,180,487558.95,-1,0.997663,1767975.53,,,0.997605,4583.79,0.998251,1528.92,0.998089,18.529892,18,0_180_1
2,0,180,218567.23,-1,0.999193,2000336.37,,,0.998771,19914.3,1.00014,189.92,1.000128,-8.419752,18,0_180_2
0,0,190,1771730.09,1,0.999812,15642349.64,,,0.999705,18660.0,0.999812,21181.37,0.999755,-5.9199333,19,0_190_0
1,0,190,607364.01,-1,0.998427,1767465.0,,,0.998604,40785.6,0.99925,1360.4,0.999229,5.0497055,19,0_190_1
2,0,190,88870.08,-1,0.999193,2130033.52,,,0.998824,37934.0,1.000509,38377.98,0.999662,-3.2901764,19,0_190_2
0,0,200,1743731.83,1,0.999383,15670347.91,,,0.999276,11191.2,0.999383,59692.8,0.999293,0.51021576,20,0_200_0
1,0,200,571626.7,-1,0.998839,1803202.3,,,0.998662,24642.75,0.999779,340.28,0.999764,1.4901161,20,0_200_1
2,0,200,101403.04,-1,0.999193,2130033.52,,,0.998824,56901.0,1.000509,38187.99,0.999833,-1.6701221,20,0_200_2
0,0,210,1743731.83,1,0.999383,15670347.91,,,0.999169,30119.75,0.999383,74802.54,0.999231,0.6902218,21,0_210_0
1,0,210,523806.78,-1,0.999367,1851022.22,,,0.999367,1190.49,0.999779,2892.38,0.999487,3.1495094,21,0_210_1
2,0,210,101403.04,-1,0.999035,2130033.52,,,0.998877,40970.88,0.999772,18985.0,0.999488,-0.45001507,21,0_210_2
0,0,220,1743731.83,1,0.999383,15670347.91,,,0.999169,20794.75,0.999383,84502.62,0.999211,5.2702427,22,0_220_0
1,0,220,472923.67,-1,0.999603,1901905.34,,,0.999544,17010.0,1.000425,17025.0,0.999984,-2.71976,22,0_220_1
2,0,220,101403.04,-1,0.99914,2130033.52,,,0.998877,40970.88,0.999772,57714.4,0.999248,15.599728,22,0_220_2
0,0,230,1797301.84,1,0.999276,15670347.91,,,0.999169,18743.25,0.999276,9326.0,0.999241,6.6304207,23,0_230_0
1,0,230,400598.17,-1,0.999309,1974230.83,,,0.999191,41659.8,1.000484,5788.84,1.000326,-7.2699785,23,0_230_1
2,0,230,80134.99,-1,0.99914,2151301.57,,,0.998929,22004.04,1.000088,37982.0,0.999355,-0.18000603,23,0_230_2
0,0,240,1783022.73,1,0.999705,15687146.86,,,0.999491,37778.4,0.999705,37320.0,0.999598,2.13027,24,0_240_0
1,0,240,433272.28,-1,0.999367,2002990.86,,,0.99925,17005.0,1.000484,5788.84,1.000171,-2.3001432,24,0_240_1
2,0,240,132735.44,-1,0.99914,2195356.83,,,0.998929,40973.04,1.000088,39691.19,0.999518,-3.3199787,24,0_240_2
0,0,250,2445554.96,1,0.999276,15687986.81,,,0.999276,9326.0,0.999491,51304.0,0.999309,2.2900105,25,0_250_0
1,0,250,281473.82,-1,0.99925,2205161.9,,,0.999132,22784.02,0.999896,510.48,0.99988,-3.489852,25,0_250_1
2,0,250,632534.69,-1,0.99914,2198774.91,,,0.998929,37938.0,1.000088,41970.11,0.99948,2.2697449,25,0_250_2
0,0,260,2396184.69,1,0.999276,15737357.08,,,0.999276,9326.0,0.999383,13803.96,0.999319,-0.93996525,26,0_260_0
1,0,260,287259.86,-1,0.99925,2205161.9,,,0.999132,45227.98,0.999896,510.48,0.999888,-3.4600496,26,0_260_1
2,0,260,612026.21,-1,0.999087,2236753.57,,,0.998929,40403.97,0.999982,19368.78,0.999641,0.04053116,26,0_260_2
0,0,270,2396184.69,1,0.999383,15737357.08,,,0.999276,9326.0,0.999383,41784.96,0.999296,-1.0597706,27,0_270_0
1,0,270,256627.89,-1,0.99925,2235793.87,,,0.999132,45738.07,0.999838,2722.4,0.999798,-0.41007996,27,0_270_1
2,0,270,612026.21,-1,0.99914,2236753.57,,,0.998929,40403.97,0.999982,43105.03,0.999439,7.4005127,27,0_270_2
0,0,280,7226445.05,1,0.999383,16782158.94,,,0.999705,13995.0,1.000026,23985.81,0.999823,-9.760261,28,0_280_0
1,0,280,0.0,0,0.99925,2682169.83,,,0.999132,45738.07,0.999838,2722.4,0.999798,-2.71976,28,0_280_1
2,0,280,0.0,0,0.999193,3302055.17,,,0.999035,18971.0,1.00093,380.14,1.000893,-5.069971,28,0_280_2
0,0,290,8512685.26,1,0.999919,17414453.05,,,1.000241,3734.0,1.000776,9620.2,1.00039,-10.67996,29,0_290_0
1,0,290,0.0,0,1.000073,2805718.8,,,1.000073,170.19,1.000484,4767.28,1.000087,3.889799,29,0_290_1
2,0,290,171473.68,-1,1.000193,3747165.15,,,0.999035,37942.0,1.001036,58357.63,0.999824,8.8095665,29,0_290_2
0,0,300,0.0,0,1.000241,26670118.88,1.000241,1.000241,1.000026,19319.31,1.000241,16149.55,1.000143,-10.039806,30,0_300_0
1,0,300,242332.96,-1,1.000073,3242054.27,0.981974,0.99449,0.999544,43205.4,1.000308,2042.76,1.000273,-1.3297796,30,0_300_1
2,0,300,0.0,0,1.000193,4671376.0,1.000193,1.000193,0.999035,18971.0,1.001036,59688.26,0.999518,14.009476,30,0_300_2
0,0,310,0.0,0,0.999919,26670118.88,0.999919,0.999919,0.999812,22767.64,0.999919,18664.0,0.999871,-6.0397387,31,0_310_0
1,0,310,125761.28,-1,0.999661,3358625.96,0.988849,0.999132,0.999661,1701.2,1.000249,3234.18,0.999864,-2.850294,31,0_310_1
2,0,310,0.0,0,0.999719,4501991.15,0.999719,0.999719,0.999508,94900.0,1.000509,83975.58,1.00004,1.0001659,31,0_310_2
0,0,320,0.0,0,0.999919,26670118.88,0.999919,0.999919,0.999705,49262.4,0.999919,37607.96,0.999826,-5.440116,32,0_320_0
1,0,320,161838.94,-1,1.000014,3322548.3,0.991141,0.998897,0.999661,34874.6,1.000484,24687.7,1.000143,4.210472,32,0_320_1
2,0,320,0.0,0,0.999666,4501991.15,0.999666,0.999666,0.999508,94900.0,1.000509,33818.22,1.000246,-5.900264,32,0_320_2
0,0,330,0.0,0,0.999812,26670118.88,0.999812,0.999812,0.999705,27990.0,0.999812,14276.43,0.999776,-7.4398518,33,0_330_0
1,0,330,158945.92,-1,1.000073,3325441.32,0.991141,0.999132,1.000073,2042.28,1.000366,170.24,1.000344,-1.5497208,33,0_330_1
2,0,330,0.0,0,1.000219,4671376.0,1.000219,1.000219,0.999508,129064.0,1.000983,22429.44,1.000765,-12.490153,33,0_330_2
0,0,340,0.0,0,0.999491,26670118.88,0.999491,0.999491,0.999169,18743.25,0.999383,40012.83,0.999237,-2.7000904,34,0_340_0
1,0,340,158775.74,-1,1.000073,3325611.5,0.991141,0.99972,0.999896,1871.76,1.000073,15146.91,0.999916,0.62942505,34,0_340_1
2,0,340,0.0,0,0.999772,4501991.15,0.999772,0.999772,0.999561,37962.0,1.000983,6462.72,1.000776,-15.990138,34,0_340_2
0,0,350,0.0,0,0.999169,26670118.88,0.999169,0.999169,0.999062,22564.08,0.999169,37486.5,0.999102,-4.4697523,35,0_350_0
1,0,350,158775.74,-1,1.000014,3325611.5,0.991141,0.999544,0.999955,18718.7,1.000895,39857.22,1.000256,-5.300045,35,0_350_1
2,0,350,0.0,0,1.000298,4671376.0,1.000298,1.000298,0.999561,18981.0,1.000983,10264.32,1.000484,-12.609959,35,0_350_2
0,0,360,0.0,0,0.999062,26670118.88,0.999062,0.999062,0.998955,46987.92,0.999062,96969.6,0.99899,-2.7298927,36,0_360_0
1,0,360,138864.96,-1,0.999955,3345522.28,0.991141,0.998192,0.999955,2042.04,1.000308,17874.15,0.999991,2.9599667,36,0_360_1
2,0,360,0.0,0,0.999982,4671376.0,0.999982,0.999982,0.999614,37964.0,1.000983,7032.96,1.000769,-11.7099285,36,0_360_2
0,0,370,0.0,0,0.999383,26670118.88,0.999383,0.999383,0.999276,746.08,0.999383,22384.8,0.99928,-4.2402744,37,0_370_0
1,0,370,121847.19,-1,0.999603,3362540.05,0.991141,0.999015,0.999485,5442.88,1.000249,33703.56,0.999591,5.0604343,37,0_370_1
2,0,370,0.0,0,0.999824,4671376.0,0.999824,0.999824,0.999666,18983.0,1.000667,20142.12,1.000152,-1.4597178,37,0_370_2
0,0,380,0.0,0,0.999276,26670118.88,0.999276,0.999276,0.999169,46904.75,0.999276,2797.8,0.99927,-4.259944,38,0_380_0
1,0,380,149075.62,-1,1.000308,3335311.62,0.991141,0.999955,1.000131,18892.2,1.000601,2213.64,1.000552,-4.6497583,38,0_380_1
2,0,380,0.0,0,0.99914,4445023.15,0.99914,0.99914,0.999035,18971.0,0.999772,3986.85,0.999644,-0.25987625,38,0_380_2
0,0,390,0.0,0,0.999276,26670118.88,0.999276,0.999276,0.999169,116842.25,0.999276,50173.88,0.999244,-2.0098686,39,0_390_0
1,0,390,149075.62,-1,1.000073,3335311.62,0.991141,0.99925,1.000073,5275.89,1.000601,3235.32,1.000401,-5.2398443,39,0_390_1
2,0,390,0.0,0,0.999666,4501991.15,0.999666,0.999666,0.999298,47250.24,0.999772,4936.1,0.999727,-0.9202957,39,0_390_2
0,0,400,0.0,0,0.999276,26670118.88,0.999276,0.999276,0.999169,116842.25,0.999276,41687.22,0.999248,0.5197525,40,0_400_0
1,0,400,149075.62,-1,1.000073,3335311.62,0.991141,0.999015,1.000073,5275.89,1.000601,9705.96,1.000259,-4.479885,40,0_400_1
2,0,400,0.0,0,0.99993,4671376.0,0.99993,0.99993,0.999456,189.79,1.000404,168123.45,0.999457,-4.43995,40,0_400_2
0,0,410,0.0,0,0.999062,26670118.88,0.999062,0.999062,0.998955,19018.92,0.999062,9510.48,0.999026,1.2505054,41,0_410_0
1,0,410,149075.62,-1,1.000073,3335311.62,0.991141,0.999015,1.000073,5275.89,1.000601,113236.2,1.000096,-2.8598309,41,0_410_1
2,0,410,0.0,0,0.999666,4501991.15,0.999666,0.999666,0.999456,38147.79,1.000404,223974.63,0.999594,-2.2101402,41,0_410_2
0,0,420,0.0,0,0.998955,26670118.88,0.998955,0.998955,0.998848,186.44,0.998955,65074.54,0.998848,1.2397766,42,0_420_0
1,0,420,112147.07,-1,0.999603,3372240.17,0.991141,0.999367,0.999603,26877.38,1.000543,4086.48,1.000419,-1.6897917,42,0_420_1
2,0,420,0.0,0,0.999877,4671376.0,0.999877,0.999877,0.999719,189.84,1.000667,19572.06,0.999728,-3.2001734,42,0_420_2
0,0,430,0.0,0,0.998955,26670118.88,0.998955,0.998955,0.998848,96482.7,0.998955,34401.87,0.998927,0.5698204,43,0_430_0
1,0,430,112147.07,-1,0.999838,3372240.17,0.992198,0.999661,0.999779,26201.56,1.000543,25199.96,1.000168,1.0597706,43,0_430_1
2,0,430,0.0,0,0.999298,4445023.15,0.999298,0.999298,0.999035,18971.0,1.000088,189.91,1.000077,-7.2699785,43,0_430_2
0,0,440,0.0,0,0.999062,26670118.88,0.999062,0.999062,0.998955,30579.44,0.999062,88205.04,0.998982,0.10967255,44,0_440_0
1,0,440,95129.3,-1,0.999779,3389257.94,0.996429,0.999661,0.999779,26201.56,1.000249,1361.76,1.000226,-0.20980835,44,0_440_1
2,0,440,0.0,0,0.999298,4445023.15,0.999298,0.999298,0.999035,132797.0,1.000088,61151.02,0.999756,2.4199486,44,0_440_2
0,0,450,0.0,0,0.999276,26670118.88,0.999276,0.999276,0.999169,50355.0,0.999276,35159.02,0.999232,1.1694431,45,0_450_0
1,0,450,103978.54,-1,0.999896,3380408.7,0.996429,0.999779,0.999779,43725.98,1.000131,10041.8,1.000066,3.0100346,45,0_450_1
2,0,450,0.0,0,0.999298,4445023.15,0.999298,0.999298,0.999035,189710.0,1.000088,63240.03,0.999825,1.180172,45,0_450_2
0,0,460,354831.32,1,0.999491,26766712.89,1.000241,0.999812,0.999383,120598.11,0.999491,64083.36,0.999453,-2.8800964,46,0_460_0
1,0,460,86960.78,-1,0.999779,3397426.46,0.997428,0.999603,0.999779,43725.98,1.000014,11572.24,0.999965,8.729696,46,0_460_1
2,0,460,0.0,0,0.999351,4445023.15,0.999351,0.999351,0.99914,189.73,1.000088,6646.85,0.999166,8.62956,46,0_460_2
0,0,470,968926.56,1,0.999383,26804603.87,1.000241,0.999919,0.999276,71996.72,0.999383,18747.27,0.999361,0.12993813,47,0_470_0
1,0,470,141587.8,-1,1.000014,3385343.85,0.997781,0.999779,1.000014,4765.04,1.00019,117955.53,1.000021,5.4705143,47,0_470_1
2,0,470,0.0,0,0.999719,4876650.69,0.999719,0.999719,0.999561,3796.2,1.000193,101232.69,0.999584,2.9301643,47,0_470_2
0,0,480,1268787.96,1,0.999491,26804603.87,1.000241,1.000241,0.999383,87767.07,0.999491,18656.0,0.999472,-1.3202429,48,0_480_0
1,0,480,131036.78,-1,1.000308,3400489.66,0.999779,1.00019,1.00019,129189.39,1.000778,6301.47,1.00075,-1.9800663,48,0_480_1
2,0,480,0.0,0,0.999614,4949759.63,0.999614,0.999614,0.999035,56913.0,1.000298,25453.3,0.999908,7.059574,48,0_480_2
0,0,490,1180033.46,1,0.999383,26910717.29,1.000241,1.000026,0.999276,52971.68,0.999383,33390.66,0.999342,0.18954277,49,0_490_0
1,0,490,126441.99,-1,1.00019,3400489.66,0.999779,1.000073,1.000131,31657.2,1.000719,5449.6,1.000633,-1.6200542,49,0_490_1
2,0,490,0.0,0,0.999666,4952608.03,0.999666,0.999666,0.999087,18972.0,1.000298,18045.25,0.999708,12.73036,49,0_490_2
0,0,500,1158754.78,1,0.999491,26914637.05,1.000241,1.000026,0.999383,52137.93,0.999491,81899.84,0.999425,0.97990036,50,0_500_0
1,0,500,131036.78,-1,1.000366,3400489.66,0.999779,1.000073,1.000366,14470.4,1.000719,4427.8,1.000636,2.2995472,50,0_500_1
2,0,500,0.0,0,0.99993,5121992.88,0.99993,0.99993,0.999666,62264.24,1.000509,6459.66,1.00043,6.74963,50,0_500_2
0,0,510,1088759.13,1,0.999598,26967180.45,1.000241,1.000241,0.999491,43188.64,0.999598,9329.0,0.999579,0.6496906,51,0_510_0
1,0,510,128824.48,-1,1.000366,3402701.97,0.999779,1.000073,1.000366,14470.4,1.000719,7663.5,1.000597,3.4797192,51,0_510_1
2,0,510,0.0,0,0.99993,5121992.88,0.99993,0.99993,0.999666,124338.65,1.000509,82645.65,1.000173,8.13961,51,0_510_2
0,0,520,1008684.09,1,0.999598,27047255.49,1.000241,1.000026,0.999383,19493.43,0.999598,78456.89,0.999426,6.7794323,52,0_520_0
1,0,520,101425.88,-1,1.000954,3439290.16,0.999955,1.000778,1.000954,31342.56,1.001248,32714.88,1.001098,-2.449751,52,0_520_1
2,0,520,0.0,0,1.000193,5168516.75,1.000193,1.000193,1.000088,32284.7,1.000562,44080.0,1.000288,11.780262,52,0_520_2
0,0,530,998138.08,1,0.999491,27075253.75,1.000241,1.000026,0.999383,70978.47,0.999491,35166.56,0.999455,6.1404705,53,0_530_0
1,0,530,92236.28,-1,1.000366,3439290.16,0.999955,1.000249,1.000308,20768.06,1.001248,36463.46,1.000649,21.070242,53,0_530_1
2,0,530,0.0,0,1.000193,5168516.75,1.000193,1.000193,0.999719,759.36,1.000614,2090.11,0.999958,4.9495697,53,0_530_2
0,0,540,906957.07,1,0.999383,27183793.68,1.000241,0.999919,0.999276,111912.0,0.999383,9793.35,0.999375,9.759665,54,0_540_0
1,0,540,92236.28,-1,1.000425,3439290.16,0.999955,1.000425,1.000308,19235.99,1.001248,45494.13,1.000587,28.949976,54,0_540_1
2,0,540,0.0,0,0.999877,5121992.88,0.999877,0.999877,0.999772,18985.0,1.000667,380.04,1.000649,-19.270182,54,0_540_2
0,1,0,1870169.4,1,0.999923,5132566.71,,,0.999601,9302.0,1.000998,23287.5,1.0,-14.089942,55,1_0_0
1,1,0,648832.14,-1,0.99971,2714505.33,,,0.999884,517.35,1.000232,1035.06,1.0,7.330179,55,1_0_1
2,1,0,867091.9,1,1.000126,4229483.69,,,0.999645,23209.08,1.000286,18729.0,1.0,-2.7102232,55,1_0_2
0,1,10,1112218.97,1,0.999278,5890517.14,,,0.999064,8088.39,0.999493,23252.5,0.999175,-3.079772,56,1_10_0
1,1,10,576049.8,-1,0.999884,2787287.67,,,0.999826,17244.0,1.000812,17261.0,1.000319,-1.360178,56,1_10_1
2,1,10,788265.36,1,1.000072,4308310.22,,,0.999645,41926.08,1.000126,18913.26,0.999977,-3.259778,56,1_10_2
0,1,20,937829.89,1,0.998634,6064906.23,,,0.998419,5574.6,0.998634,52412.52,0.998439,2.54035,57,1_20_0
1,1,20,527413.26,-1,0.998782,2816090.16,,,0.998782,9129.78,0.999594,35859.2,0.998947,11.50012,57,1_20_1
2,1,20,788265.36,1,1.000072,4308310.22,,,0.999645,49412.88,1.000126,18913.26,0.999993,-4.3302774,57,1_20_2
0,1,30,937829.89,1,0.998204,6064906.23,,,0.997989,14673.46,0.998204,41800.5,0.998045,2.3901463,58,1_30_0
1,1,30,527413.26,-1,0.99884,2816090.16,,,0.998782,26355.78,0.999536,45338.57,0.99906,14.779568,58,1_30_1
2,1,30,753626.63,1,0.999538,4342948.96,,,0.998363,186.93,0.999592,3181.72,0.998432,8.000135,58,1_30_2
0,1,40,937829.89,1,0.998634,6064906.23,,,0.998419,4738.41,0.998634,4646.5,0.998527,-0.5400181,59,1_40_0
1,1,40,522756.57,-1,0.99942,2820746.85,,,0.999246,1723.4,1.000696,51777.0,0.999293,5.4204464,59,1_40_1
2,1,40,753626.63,1,0.999592,4342948.96,,,0.998897,37406.0,0.999592,21897.72,0.999336,2.6905537,59,1_40_2
0,1,50,450954.91,1,0.998634,6551781.2,,,0.998526,1022.12,0.998634,17935.49,0.998532,0.7402897,60,1_50_0
1,1,50,522756.57,-1,0.999188,2820746.85,,,0.999188,10339.8,1.000754,17260.0,0.999775,1.5795231,60,1_50_1
2,1,50,753626.63,1,0.999592,4342948.96,,,0.998897,37406.0,0.999592,21897.72,0.999336,-1.0001659,60,1_50_2
0,1,60,450954.91,1,0.998419,6551781.2,,,0.998311,5295.3,0.998419,3995.13,0.998373,-0.6598234,61,1_60_0
1,1,60,522756.57,-1,0.999652,2820746.85,,,0.999652,2413.74,1.000638,345.16,1.000515,-5.9598684,61,1_60_1
2,1,60,753626.63,1,0.999538,4342948.96,,,0.998897,37406.0,0.999538,1684.35,0.999511,-3.029704,61,1_60_2
0,1,70,418198.8,1,0.998849,6603055.69,,,0.998634,5668.73,0.998849,5391.1,0.998744,-4.2301416,62,1_70_0
1,1,70,505164.63,-1,0.999652,2838511.26,,,0.999652,17413.41,1.000464,17255.0,1.00006,0.10967255,62,1_70_1
2,1,70,753439.39,1,0.999699,4343136.2,,,0.999485,7672.74,0.999699,31259.06,0.999527,-4.6497583,62,1_70_2
0,1,80,484920.77,1,0.998741,6640278.54,,,0.998634,35127.54,0.998741,15428.04,0.998708,-3.169775,63,1_80_0
1,1,80,524998.68,-1,0.99971,2838511.26,,,0.999652,17413.41,1.000116,172.49,1.000111,-3.5500526,63,1_80_1
2,1,80,752128.73,1,0.999699,4344446.85,,,0.999485,36492.3,0.999699,49977.06,0.999575,-3.7300587,63,1_80_2
0,1,90,484920.77,1,0.998419,6640278.54,,,0.998311,4459.2,0.998419,10034.28,0.998344,1.4698505,64,1_90_0
1,1,90,510166.26,-1,1.000174,2853343.68,,,1.0,17247.0,1.000754,4487.6,1.000598,-7.420182,64,1_90_1
2,1,90,752128.73,1,0.999645,4344446.85,,,0.998897,18703.0,0.999699,19279.54,0.999292,-3.349781,64,1_90_2
0,1,100,480081.8,1,0.998419,6645117.51,,,0.998311,13749.2,0.998419,12357.03,0.998368,-0.84996223,65,1_100_0
1,1,100,503267.46,-1,0.999768,2860242.48,,,0.99971,689.68,1.000638,34516.0,0.999728,0.48041344,65,1_100_1
2,1,100,752128.73,1,0.999645,4344446.85,,,0.998897,44887.2,0.999699,14974.4,0.999498,-6.210208,65,1_100_2
0,1,110,480081.8,1,0.998849,6645117.51,,,0.998634,13753.64,0.998849,18218.2,0.998726,-2.7900934,66,1_110_0
1,1,110,503267.46,-1,0.999768,2860242.48,,,0.99971,2758.72,1.000696,5177.7,1.000053,-1.4299154,66,1_110_1
2,1,110,752128.73,1,0.999699,4344446.85,,,0.998897,44887.2,0.999699,33692.4,0.999355,-2.359748,66,1_110_2
0,1,120,480081.8,1,0.998526,6645117.51,,,0.998419,7154.07,0.998526,15610.56,0.998453,1.0895729,67,1_120_0
1,1,120,606749.46,-1,0.999768,2860242.48,,,0.99971,3103.56,1.000696,5522.88,1.000065,0.76055527,67,1_120_1
2,1,120,752128.73,1,0.999699,4344446.85,,,0.998897,44887.2,0.999699,33879.58,0.999354,-3.9499998,67,1_120_2
0,1,130,475801.17,1,0.998526,6649398.14,,,0.998311,24618.5,0.998526,20070.72,0.99843,1.1003017,68,1_130_0
1,1,130,606749.46,-1,0.999768,2860242.48,,,0.99971,5000.18,1.000696,5522.88,1.000179,-5.379915,68,1_130_1
2,1,130,752128.73,1,0.999645,4344446.85,,,0.998897,37406.0,0.999699,72438.66,0.99917,-3.6901236,68,1_130_2
0,1,140,448907.66,1,0.998526,6676291.66,,,0.998419,15423.06,0.998526,14774.28,0.998474,2.629757,69,1_140_0
1,1,140,581396.37,-1,0.999768,2885595.57,,,0.99971,862.1,1.000406,3795.88,0.999839,-2.4598837,69,1_140_1
2,1,140,751005.32,1,0.999699,4345570.27,,,0.999271,1871.0,0.999699,57277.08,0.999285,-4.5502186,69,1_140_2
0,1,150,327188.91,1,0.998849,6798010.4,,,0.998526,43393.64,0.998849,4461.6,0.998819,-2.3502111,70,1_150_0
1,1,150,588295.17,-1,1.000174,2878696.77,,,1.000174,172.5,1.000406,3795.88,1.000184,-4.720092,70,1_150_1
2,1,150,751005.32,1,0.999699,4345570.27,,,0.999271,1871.0,0.999699,57277.08,0.999285,-1.1998415,70,1_150_2
0,1,160,327188.91,1,0.998741,6798010.4,,,0.998634,9293.0,0.998741,9386.94,0.998687,-3.7497282,71,1_160_0
1,1,160,588295.17,-1,1.000174,2878696.77,,,1.000174,172.5,1.000406,5521.28,1.000181,-4.749894,71,1_160_1
2,1,160,751005.32,1,0.999699,4345570.27,,,0.999271,1871.0,0.999699,67010.44,0.999283,6.610155,71,1_160_2
0,1,170,431692.09,1,0.998741,6798010.4,,,0.998634,28622.44,0.998741,9294.0,0.998715,0.9703636,72,1_170_0
1,1,170,582776.13,-1,1.000174,2884215.81,,,1.000174,172.5,1.000406,10870.02,1.000178,1.4102459,72,1_170_1
2,1,170,651582.77,1,0.999645,4447239.65,,,0.999271,38542.6,0.999699,104446.44,0.999387,14.389753,72,1_170_2
0,1,180,1081324.0,1,0.998634,6862964.29,,,0.998741,9294.0,0.998849,13756.6,0.998785,1.8894672,73,1_180_0
1,1,180,689017.65,-1,1.0,2892839.31,,,0.999942,17246.0,1.000406,1725.4,1.000364,1.3399124,73,1_180_1
2,1,180,636416.62,1,0.999592,4482627.34,,,0.998951,19452.16,0.999645,38931.36,0.999182,15.829802,73,1_180_2
0,1,190,1008460.26,1,0.998956,6967560.51,,,0.998741,13941.0,0.998956,23054.08,0.998822,3.9696693,74,1_190_0
1,1,190,631412.67,-1,0.999942,2950444.29,,,0.99971,17414.42,1.000348,34506.0,0.999924,6.250143,74,1_190_1
2,1,190,903790.24,1,0.999592,4485435.88,,,0.998951,19452.16,0.999645,81606.12,0.999085,18.470287,74,1_190_2
0,1,200,957651.06,1,0.999064,7018369.71,,,0.998849,32439.55,0.999064,9761.85,0.999014,1.3303757,75,1_200_0
1,1,200,631412.67,-1,0.999942,2950444.29,,,0.99971,17414.42,1.000348,51759.0,0.999871,10.160208,75,1_200_1
2,1,200,899858.28,1,0.999592,4489367.85,,,0.998951,19452.16,0.999645,66632.52,0.999108,15.369654,75,1_200_2
0,1,210,957651.06,1,0.998741,7018369.71,,,0.998634,4646.5,0.998741,4461.12,0.998689,4.529953,76,1_210_0
1,1,210,631412.67,-1,0.999942,2950444.29,,,0.99971,17242.0,1.000348,86265.0,0.999816,10.650158,76,1_210_1
2,1,210,883194.23,1,0.999592,4511461.75,,,0.998951,38717.28,0.999645,45669.48,0.99927,14.469624,76,1_210_2
0,1,220,957651.06,1,0.998526,7018369.71,,,0.998311,24804.3,0.998526,51013.08,0.998382,6.4504147,77,1_220_0
1,1,220,631412.67,-1,0.999768,2950444.29,,,0.999768,1034.58,1.000348,86265.0,0.999775,6.239414,77,1_220_1
2,1,220,4277041.74,1,0.999592,4511461.75,,,0.999645,10668.69,1.001301,37496.0,1.000012,3.5500526,77,1_220_2
0,1,230,957651.06,1,0.998849,7018369.71,,,0.998634,43212.45,0.998849,4461.6,0.998829,3.2401085,78,1_230_0
1,1,230,536726.64,-1,1.000116,3045130.32,,,1.000116,21216.27,1.000522,17946.24,1.000336,-1.0699034,78,1_230_1
2,1,230,4238658.27,1,1.001194,4549845.21,,,1.000126,29212.56,1.001301,18748.0,1.000842,-6.2698126,78,1_230_2
0,1,240,870084.29,1,0.999064,7111426.86,,,0.998956,32628.96,0.999064,4462.56,0.999051,0.18954277,79,1_240_0
1,1,240,551386.59,-1,1.000348,3056340.87,,,1.00029,3967.96,1.000638,862.9,1.000576,0.84996223,79,1_240_1
2,1,240,4239594.45,1,1.001194,4564449.66,,,1.000126,29212.56,1.001301,18748.0,1.000842,-2.359748,79,1_240_2
0,1,250,1079183.69,1,0.999278,7115986.66,,,0.999171,46025.1,0.999278,13762.52,0.999254,-4.6902895,80,1_250_0
1,1,250,898396.23,-1,1.000638,3087902.88,,,1.000522,3796.32,1.00087,17262.0,1.000585,1.6200542,80,1_250_1
2,1,250,4352123.55,1,1.001194,4611258.76,,,1.000233,41201.6,1.001301,18935.48,1.000965,-8.680224,80,1_250_2
0,1,260,1064945.94,1,0.999278,7213417.49,,,0.999064,24637.05,0.999386,17577.0,0.999252,-4.889965,81,1_260_0
1,1,260,784910.97,-1,1.000464,3201388.14,,,1.000406,34508.0,1.001044,3107.7,1.000991,-4.119873,81,1_260_1
2,1,260,4334148.85,1,1.001194,4673046.78,,,1.000233,41201.6,1.000767,1499.04,1.000748,-4.0000677,81,1_260_2
0,1,270,1034981.54,1,0.999386,7243381.89,,,0.999171,14969.78,0.999386,33015.0,0.999238,-6.3198805,82,1_270_0
1,1,270,784910.97,-1,1.000406,3201388.14,,,1.000406,35198.16,1.001044,3970.95,1.000979,-9.059906,82,1_270_1
2,1,270,4352872.49,1,1.001194,4673046.78,,,1.000233,22473.6,1.001301,18935.48,1.000813,9.629726,82,1_270_2
0,1,280,2333966.2,1,0.999278,7966435.89,,,0.999278,8927.04,0.999493,4464.48,0.999422,-4.5901537,83,1_280_0
1,1,280,176091.87,-1,1.000406,3900236.58,,,1.000406,35370.7,1.000986,17264.0,1.000796,-5.609989,83,1_280_1
2,1,280,4260003.22,1,1.001141,4823772.11,,,1.000233,19851.68,1.001301,20060.36,1.000764,10.709763,83,1_280_2
0,1,290,2769008.34,1,0.999601,9297432.2,,,0.999601,4464.96,0.999816,4465.92,0.999708,-6.6697598,84,1_290_0
1,1,290,0.0,0,1.000464,4536823.35,,,1.000696,3969.57,1.001102,13812.8,1.000786,-6.0397387,84,1_290_1
2,1,290,3909309.39,1,1.001247,5255164.84,,,1.000233,20413.52,1.001301,20060.36,1.000772,17.44032,84,1_290_2
0,1,300,2644684.0,1,0.999601,11260472.63,1.018514,1.010132,0.999493,93.01,0.999601,6511.4,0.999495,-5.5897236,85,1_300_0
1,1,300,0.0,0,1.00087,4947129.48,1.00087,1.00087,1.00087,21232.26,1.001276,18477.83,1.001087,-11.969805,85,1_300_1
2,1,300,2157525.37,1,1.001194,7706838.64,1.041571,1.034574,1.000286,7117.02,1.001247,2062.17,1.001032,6.6804886,85,1_300_2
0,1,310,1747240.91,1,0.999493,12157915.71,1.015505,1.006049,0.999386,49290.0,0.999493,15625.68,0.999468,0.08940697,86,1_310_0
1,1,310,0.0,0,1.001276,4947129.48,1.001276,1.001276,1.001276,2072.28,1.001508,1036.38,1.00143,-11.92987,86,1_310_1
2,1,310,2056792.17,1,1.001141,7807571.84,1.039702,1.021489,1.000233,64424.32,1.001247,55303.65,1.000779,7.530451,86,1_310_2
0,1,320,1721371.03,1,0.999278,12183785.6,1.015075,1.004437,0.999171,33472.8,0.999278,34685.27,0.999224,1.5294552,87,1_320_0
1,1,320,0.0,0,1.000522,4947129.48,1.000522,1.000522,1.000464,4141.2,1.00116,863.35,1.00104,-3.6799908,87,1_320_1
2,1,320,2013727.79,1,1.001194,7850636.21,1.039702,1.021489,1.00066,18736.0,1.001247,55303.65,1.000809,10.969639,87,1_320_2
0,1,330,1710204.17,1,0.999171,12194952.46,1.01486,1.004437,0.999064,31330.89,0.999171,29846.58,0.999119,2.2697449,88,1_330_0
1,1,330,0.0,0,1.000464,4947129.48,1.000464,1.000464,1.000464,3623.55,1.000754,5005.4,1.000586,5.389452,88,1_330_1
2,1,330,1880415.45,1,1.002796,7967846.22,1.038687,1.021489,1.001942,22136.8,1.002903,39058.24,1.00229,-2.760291,88,1_330_2
0,1,340,1710111.11,1,0.999171,12195045.51,1.01486,1.004437,0.999064,39884.13,0.999171,44537.42,0.999114,2.3698807,89,1_340_0
1,1,340,0.0,0,0.999942,4926433.08,0.999942,0.999942,0.999826,1551.96,1.000696,862.95,1.000385,4.34041,89,1_340_1
2,1,340,1880415.45,1,1.002583,7967846.22,1.038687,1.021489,1.001942,1876.0,1.002903,37556.0,1.001988,-3.5101175,89,1_340_2
0,1,350,1710111.11,1,0.999064,12195045.51,1.01486,1.004437,0.998956,19521.6,0.999064,74654.91,0.998978,0.04053116,90,1_350_0
1,1,350,0.0,0,0.999942,4926433.08,0.999942,0.999942,0.999826,20520.36,1.000638,36414.38,1.000119,6.3705444,90,1_350_1
2,1,350,1880415.45,1,1.002476,7967846.22,1.038687,1.021169,1.001515,3562.88,1.00285,1502.16,1.002454,-1.8298626,90,1_350_2
0,1,360,1710111.11,1,0.999064,12195045.51,1.01486,1.004437,0.998956,37091.04,0.999064,90180.9,0.998987,0.1502037,91,1_360_0
1,1,360,0.0,0,0.999884,4926433.08,0.999884,0.999884,0.999826,25003.8,1.000232,64173.72,0.99994,6.530285,91,1_360_1
2,1,360,1885283.6,1,1.002422,7971590.95,1.038687,1.021329,1.001301,18748.0,1.002262,21205.58,1.001752,-1.7797947,91,1_360_2
0,1,370,1710111.11,1,0.999278,12195045.51,1.01486,1.004437,0.999064,36072.36,0.999278,11158.8,0.999228,-3.2502413,92,1_370_0
1,1,370,0.0,0,0.999942,4926433.08,0.999942,0.999942,0.999826,42247.8,1.000232,64863.76,0.999986,16.280413,92,1_370_1
2,1,370,1885283.6,1,1.001728,7971590.95,1.038687,1.021169,1.00082,21549.85,1.002155,40530.24,1.001284,1.1396408,92,1_370_2
0,1,380,1680146.71,1,0.999386,12225009.91,1.01486,1.004437,0.999278,29198.86,0.999386,6603.0,0.999366,-2.1600723,93,1_380_0
1,1,380,0.0,0,1.000348,4947129.48,1.000348,1.000348,1.000348,19323.36,1.000754,5695.8,1.000661,3.7503242,93,1_380_1
2,1,380,1829112.67,1,1.001728,8027761.88,1.038687,1.021169,1.000874,25299.0,1.001995,2438.93,1.001897,-4.619956,93,1_380_2
0,1,390,1670654.89,1,0.999171,12234501.74,1.014538,1.004114,0.999064,42673.23,0.999171,18596.0,0.999138,-0.7098913,94,1_390_0
1,1,390,0.0,0,1.000638,4947129.48,1.000638,1.000638,1.00058,17602.14,1.001044,6560.7,1.000918,-3.029704,94,1_390_1
2,1,390,1829112.67,1,1.001728,8027761.88,1.038687,1.021169,1.000927,25300.35,1.001942,3939.6,1.001805,-12.999773,94,1_390_2
0,1,400,1641993.29,1,0.999171,12263163.34,1.014538,1.004114,0.999064,62661.78,0.999171,5206.88,0.999163,-1.1199713,95,1_400_0
1,1,400,0.0,0,1.000522,4947129.48,1.000522,1.000522,1.000464,6211.8,1.001102,17438.66,1.000631,-0.8201599,95,1_400_1
2,1,400,1754218.1,1,1.001461,8102656.45,1.038687,1.021863,1.000927,100264.35,1.001568,23253.72,1.001447,-17.830133,95,1_400_2
0,1,410,1570153.17,1,0.998956,12335003.46,1.014538,1.004114,0.998849,8272.55,0.998956,118988.8,0.998856,1.0097027,96,1_410_0
1,1,410,0.0,0,1.00058,4947129.48,1.00058,1.00058,1.00058,1725.7,1.000812,6559.18,1.000628,-0.8302927,96,1_410_1
2,1,410,1754218.1,1,1.002075,8102656.45,1.038687,1.021489,1.001247,66364.38,1.002155,938.2,1.002143,-30.329823,96,1_410_2
0,1,420,1566523.94,1,0.998956,12338632.69,1.014538,1.004114,0.998849,48241.05,0.998956,13386.24,0.998933,5.4502487,97,1_420_0
1,1,420,0.0,0,1.000522,4947129.48,1.000522,1.000522,1.000464,5866.7,1.000986,46267.52,1.000523,3.3605099,97,1_420_1
2,1,420,1752907.44,1,1.001782,8103967.1,1.038687,1.021436,1.001408,5625.0,1.002155,38278.56,1.001504,-12.059808,97,1_420_2
0,1,430,1530510.83,1,0.999064,12374645.8,1.01443,1.004114,0.998849,67295.8,0.999064,32446.53,0.998994,5.300045,98,1_430_0
1,1,430,0.0,0,1.001508,4947129.48,1.001508,1.001508,1.001218,45932.88,1.001913,19699.2,1.001705,-10.060072,98,1_430_1
2,1,430,1678012.87,1,1.001568,8178861.67,1.037672,1.021489,1.001247,9748.44,1.001675,7502.0,1.001489,-18.16988,98,1_430_2
0,1,440,1516738.37,1,0.999171,12388418.26,1.008842,1.00218,0.999064,42301.35,0.999171,46304.04,0.999115,3.6597252,99,1_440_0
1,1,440,0.0,0,1.00087,4947129.48,1.00087,1.00087,1.00087,13636.98,1.001334,34540.0,1.001001,3.5595894,99,1_440_1
2,1,440,1650489.12,1,1.001194,8213874.89,1.035803,1.020101,1.000874,77771.0,1.001515,17251.84,1.001398,-12.170076,99,1_440_2
0,1,450,1501477.0,1,0.999278,12403679.63,1.008628,1.00218,0.999171,63598.32,0.999278,28175.97,0.999245,3.2401085,100,1_450_0
1,1,450,0.0,0,1.00058,4947129.48,1.00058,1.00058,1.00029,19149.72,1.001218,16231.92,1.000792,4.8804283,100,1_450_1
2,1,450,1650489.12,1,1.00098,8213874.89,1.035803,1.01978,1.0005,19669.65,1.001087,44048.4,1.000681,-5.480051,100,1_450_2
0,1,460,1492171.29,1,0.999278,12431596.77,1.003469,1.001213,0.999171,47326.82,0.999278,33011.45,0.999234,3.1805038,101,1_460_0
1,1,460,0.0,0,1.000464,4947129.48,1.000464,1.000464,1.00029,19149.72,1.001218,20894.28,1.000734,8.909702,101,1_460_1
2,1,460,1666778.69,1,1.000126,8232598.53,1.034735,1.014493,0.998737,24871.0,1.000713,19486.48,0.999846,1.7797947,101,1_460_2
0,1,470,1540747.11,1,0.999171,12457466.66,1.00218,1.000675,0.999064,80883.9,0.999171,5020.92,0.999165,6.580353,102,1_470_0
1,1,470,0.0,0,1.000464,4998870.48,1.000464,1.000464,1.000348,40372.02,1.00087,11565.54,1.000754,9.649992,102,1_470_1
2,1,470,1843342.64,1,0.999592,8146469.77,1.021169,1.007924,0.998684,77226.87,0.999699,47543.72,0.999312,6.660223,102,1_470_2
0,1,480,1155769.71,1,0.999601,12793123.77,1.001105,1.000675,0.999386,81654.0,0.999601,13580.92,0.99957,2.900362,103,1_480_0
1,1,480,0.0,0,1.000638,5033536.95,1.000638,1.000638,1.00058,16049.01,1.001044,3970.95,1.000952,11.960268,103,1_480_1
2,1,480,1169665.97,1,1.00034,8729711.25,1.005146,1.002796,0.999699,64202.74,1.000607,20233.8,1.000389,-14.050007,103,1_480_2
0,1,490,943878.6,1,0.999601,13005014.89,1.001105,1.000246,0.999493,12928.39,0.999601,41765.98,0.999519,3.9601326,104,1_490_0
1,1,490,0.0,0,1.000464,5033536.95,1.000464,1.000464,1.000348,51931.53,1.000754,9147.8,1.000693,7.0500374,104,1_490_1
2,1,490,1592258.59,1,0.999592,8397553.82,1.004879,1.001568,0.998737,22066.0,0.999752,2059.09,0.999666,3.1602383,104,1_490_2
0,1,500,1258318.69,1,0.999278,12718491.94,1.001105,1.000138,0.999171,39981.4,0.999278,13483.55,0.999251,4.630089,105,1_500_0
1,1,500,0.0,0,1.000812,5033536.95,1.000812,1.000812,1.000986,15192.32,1.00116,3453.4,1.001127,3.0696392,105,1_500_1
2,1,500,1581773.35,1,0.999805,8408039.06,1.004879,1.001568,0.998737,26180.0,1.000019,1497.92,0.99995,-7.9101324,105,1_500_2
0,1,510,1314152.97,1,0.999171,12727797.66,1.001105,1.000138,0.999171,9298.0,0.999386,27900.0,0.999225,5.7804585,106,1_510_0
1,1,510,23110.98,-1,1.000928,5027672.97,1.00087,1.000928,1.000522,33304.08,1.001218,22793.76,1.000935,6.0403347,106,1_510_1
2,1,510,1581773.35,1,0.999699,8408039.06,1.004879,1.001461,0.998737,21879.0,0.999859,1497.68,0.999787,-2.670288,106,1_510_2
0,1,520,1208253.94,1,0.999386,12768556.69,1.001105,1.000138,0.999171,88609.94,0.999386,22971.0,0.999342,6.799698,107,1_520_0
1,1,520,23110.98,-1,1.00116,5027672.97,1.00087,1.00116,1.000638,55053.02,1.00145,2418.08,1.001415,6.029606,107,1_520_1
2,1,520,1581773.35,1,0.999645,8408039.06,1.004879,1.000927,0.998737,22440.0,0.999859,936.05,0.999814,-0.6002188,107,1_520_2
0,1,530,914937.83,1,0.999601,13033955.66,1.001105,1.000138,0.999278,398369.16,0.999601,89764.3,0.999542,2.8204918,108,1_530_0
1,1,530,23110.98,-1,1.00116,5027672.97,1.00087,1.001044,1.000638,85254.52,1.00145,1209.04,1.001438,9.599924,108,1_530_1
2,1,530,1437788.54,1,0.999859,8552023.88,1.004399,1.000446,0.998791,18888.01,0.999859,3369.78,0.999697,-7.1901083,108,1_530_2
0,1,540,875760.77,1,0.999816,13073132.71,1.001105,1.000353,0.999493,280239.13,0.999816,85596.8,0.99974,-2.7000904,109,1_540_0
1,1,540,60536.97,-1,1.001855,5078896.56,1.001334,1.001797,1.001797,37320.48,1.002203,28174.55,1.002029,-0.5501509,109,1_540_1
2,1,540,1437788.54,1,0.999859,8552023.88,1.004399,1.000446,0.998844,374.04,1.000072,23406.25,0.998863,11.860132,109,1_540_2
0,2,0,0.0,0,0.999968,9704431.46,,,0.999968,4055.48,1.000185,23231.88,1.0,-6.3598156,110,2_0_0
1,2,0,107202.27,1,1.000114,1691648.3,,,0.999546,39412.8,1.000114,9858.8,1.0,-18.560291,110,2_0_1
2,2,0,58921.63,-1,0.99862,2223717.7,,,0.99862,6304.32,1.000084,382.64,1.0,-6.530285,110,2_0_2
0,2,10,0.0,0,0.999751,9705906.23,,,0.999751,4883.95,0.999859,19537.92,0.999772,1.1599064,111,2_10_0
1,2,10,0.0,0,0.999034,1798850.57,,,0.997841,17565.0,0.999148,33944.84,0.998287,-1.6200542,111,2_10_1
2,2,10,49930.34,-1,1.000136,2251839.38,,,0.99862,6495.36,1.001704,38326.0,0.999068,2.7096272,111,2_10_2
0,2,20,0.0,0,0.999534,9705906.23,,,0.999534,26441.31,0.999642,3501.32,0.99963,3.0303001,112,2_20_0
1,2,20,0.0,0,0.998921,1798850.57,,,0.997955,17215.66,0.999034,527.58,0.999002,-6.020069,112,2_20_1
2,2,20,48208.61,-1,0.999143,2253561.12,,,0.99862,6495.36,1.0016,19161.0,0.999376,-0.7802248,112,2_20_2
0,2,30,0.0,0,0.999425,9705906.23,,,0.999425,10593.8,0.999534,9213.0,0.999483,5.7303905,113,2_30_0
1,2,30,0.0,0,0.998523,1798850.57,,,0.997955,10715.87,0.998523,527.31,0.998496,-0.6699562,113,2_30_1
2,2,30,48208.61,-1,0.999038,2253561.12,,,0.99862,6495.36,1.0016,19161.0,0.999376,11.099577,113,2_30_2
0,2,40,0.0,0,0.999317,9808863.44,,,0.999317,36936.11,0.999425,18608.24,0.999389,4.4596195,114,2_40_0
1,2,40,0.0,0,0.998523,1798850.57,,,0.997955,10715.87,0.998523,527.31,0.998496,-5.0997734,114,2_40_1
2,2,40,48208.61,-1,0.998986,2253561.12,,,0.99862,6495.36,1.0016,19161.0,0.999376,9.789467,114,2_40_2
0,2,50,0.0,0,0.999317,9911820.65,,,0.999317,22935.39,0.999425,14002.24,0.999384,4.9495697,115,2_50_0
1,2,50,0.0,0,0.998069,1798850.57,,,0.997557,28271.6,0.998125,90134.1,0.997693,4.429817,115,2_50_1
2,2,50,48208.61,-1,0.998881,2253561.12,,,0.998568,3820.6,1.001495,19159.0,0.999056,12.209415,115,2_50_2
0,2,60,0.0,0,0.998774,9911820.65,,,0.998774,56248.66,0.998991,31859.68,0.998913,6.9904327,116,2_60_0
1,2,60,0.0,0,0.998012,1798850.57,,,0.997557,28798.4,0.998125,91188.3,0.997694,-3.809929,116,2_60_1
2,2,60,48208.61,-1,0.998777,2253561.12,,,0.998568,3820.6,1.001495,30271.22,0.998897,9.70006,116,2_60_2
0,2,70,0.0,0,0.999317,9911820.65,,,0.999317,46699.77,0.999534,31969.11,0.999446,-1.8197298,117,2_70_0
1,2,70,0.0,0,0.998125,1798850.57,,,0.997557,28798.4,0.998125,101027.5,0.997683,-4.85003,117,2_70_1
2,2,70,48208.61,-1,0.99909,2253561.12,,,0.998568,3820.6,1.001495,30271.22,0.998897,10.85043,117,2_70_2
0,2,80,0.0,0,0.999425,10116075.96,,,0.999425,31965.64,0.999642,33538.96,0.999531,-1.6701221,118,2_80_0
1,2,80,0.0,0,0.998466,1798850.57,,,0.997671,25640.52,0.998466,36382.32,0.998,-15.680194,118,2_80_1
2,2,80,48208.61,-1,0.99909,2253561.12,,,0.998568,3820.6,1.001495,30271.22,0.998897,11.359453,118,2_80_2
0,2,90,0.0,0,0.999751,10219033.17,,,0.999751,33911.2,0.999859,36864.0,0.999803,-2.899766,119,2_90_0
1,2,90,0.0,0,0.998466,1798850.57,,,0.998069,18974.52,0.998466,50794.64,0.998177,-24.639965,119,2_90_1
2,2,90,48208.61,-1,0.999927,2253561.12,,,0.999927,7077.73,1.001495,29313.27,1.000232,0.6699562,119,2_90_2
0,2,100,0.0,0,0.999642,10219033.17,,,0.999642,13728.86,0.999751,7464.15,0.999713,-0.19013882,120,2_100_0
1,2,100,0.0,0,0.998296,1798850.57,,,0.997841,526.95,0.998353,10544.4,0.997866,-17.669796,120,2_100_1
2,2,100,48208.61,-1,0.999927,2253561.12,,,0.999927,7077.73,1.001495,29313.27,1.000232,1.9598007,120,2_100_2
0,2,110,0.0,0,0.999751,10219033.17,,,0.999751,24051.15,0.999859,18155.52,0.999813,-0.8302927,121,2_110_0
1,2,110,0.0,0,0.998353,1798850.57,,,0.997728,12645.36,0.998353,10544.4,0.998069,-20.419956,121,2_110_1
2,2,110,48208.61,-1,0.999927,2253561.12,,,0.999927,7077.73,1.000972,19149.0,1.000209,-5.710125,121,2_110_2
0,2,120,0.0,0,0.999642,10219033.17,,,0.999642,31972.58,0.999751,55842.9,0.999682,-1.72019,122,2_120_0
1,2,120,0.0,0,0.997955,1798850.57,,,0.99733,1580.04,0.998069,20028.66,0.997384,-16.750097,122,2_120_1
2,2,120,48208.61,-1,0.999875,2253561.12,,,0.999875,3825.6,1.000868,57441.0,0.999937,-3.849864,122,2_120_2
0,2,130,0.0,0,0.999425,10219033.17,,,0.999425,74525.08,0.999642,93706.38,0.999521,-0.680089,123,2_130_0
1,2,130,0.0,0,0.997955,1798850.57,,,0.997444,1580.22,0.998069,72735.66,0.997457,-15.779734,123,2_130_1
2,2,130,48208.61,-1,0.999875,2253561.12,,,0.999875,3825.6,1.000711,4977.44,1.000238,-14.96017,123,2_130_2
0,2,140,0.0,0,0.999642,10265396.17,,,0.999534,3961.59,0.999642,50584.86,0.999542,-9.760261,124,2_140_0
1,2,140,0.0,0,0.996932,1798850.57,,,0.995399,65707.5,0.997046,23518.34,0.996612,-8.220077,124,2_140_1
2,2,140,48208.61,-1,0.999875,2253561.12,,,0.999875,3825.6,1.000711,5743.2,1.000209,-2.5999546,124,2_140_2
0,2,150,0.0,0,0.999534,10265396.17,,,0.999425,55364.12,0.999534,36852.0,0.99949,-10.300279,125,2_150_0
1,2,150,0.0,0,0.996648,1798850.57,,,0.995399,17522.0,0.996762,63165.6,0.995695,8.399487,125,2_150_1
2,2,150,48208.61,-1,0.999875,2253561.12,,,0.999875,3825.6,1.000659,3637.17,1.000277,-9.28998,125,2_150_2
0,2,160,0.0,0,0.999642,10265396.17,,,0.999534,1842.6,0.999642,23403.56,0.999542,-14.8797035,126,2_160_0
1,2,160,0.0,0,0.996648,1798850.57,,,0.995399,25582.12,0.996762,37548.44,0.995951,1.039505,126,2_160_1
2,2,160,48208.61,-1,0.999875,2253561.12,,,0.999875,3825.6,1.000659,3637.17,1.000277,-14.610291,126,2_160_2
0,2,170,0.0,0,0.999425,10410568.61,,,0.999425,90738.2,0.999642,32617.56,0.999585,-15.569925,127,2_170_0
1,2,170,0.0,0,0.996762,1798850.57,,,0.995455,17523.0,0.996762,35618.38,0.995887,2.1398067,127,2_170_1
2,2,170,48208.61,-1,0.999352,2253561.12,,,0.999352,4970.68,1.00024,26214.95,0.999494,-6.6399574,127,2_170_2
0,2,180,0.0,0,0.999534,10750041.66,,,0.999425,4606.0,0.999642,33631.1,0.999451,-10.899901,128,2_180_0
1,2,180,0.0,0,0.996819,1798850.57,,,0.995569,3855.5,0.996876,54398.8,0.995656,9.36985,128,2_180_1
2,2,180,50121.65,-1,0.999352,2253561.12,,,0.999352,4970.68,1.00024,26214.95,0.999494,-7.110238,128,2_180_2
0,2,190,0.0,0,0.999534,10814562.75,,,0.999425,16121.0,0.999534,55278.0,0.99945,-8.990169,129,2_190_0
1,2,190,0.0,0,0.996819,1798850.57,,,0.995739,5258.4,0.996876,37377.24,0.99588,9.150505,129,2_190_1
2,2,190,50121.65,-1,0.998881,2253561.12,,,0.998568,573.09,0.999875,3825.6,0.998738,4.040003,129,2_190_2
0,2,200,0.0,0,0.998991,10814562.75,,,0.998666,18410.0,0.998774,46214.12,0.998697,-0.6502867,130,2_200_0
1,2,200,0.0,0,0.996819,1798850.57,,,0.995796,5258.7,0.996876,39307.52,0.995924,-3.4797192,130,2_200_1
2,2,200,44191.22,-1,0.999195,2259491.54,,,0.999143,57342.0,1.000136,3443.94,1.00008,-6.2197447,130,2_200_2
0,2,210,0.0,0,0.998774,10882770.75,,,0.998557,41510.04,0.998774,51461.54,0.998654,-2.7298927,131,2_210_0
1,2,210,0.0,0,0.996762,1798850.57,,,0.996307,1929.18,0.996762,175.46,0.996724,-13.110042,131,2_210_1
2,2,210,41321.66,-1,0.999404,2262361.1,,,0.999404,9559.5,1.000188,44964.9,0.999542,-8.730292,131,2_210_2
0,2,220,0.0,0,0.998557,10882770.75,,,0.998232,28247.07,0.998449,36812.0,0.998326,3.7002563,132,2_220_0
1,2,220,0.0,0,0.996876,1798850.57,,,0.996307,1929.18,0.996876,56504.56,0.996326,-9.539723,132,2_220_1
2,2,220,34817.33,-1,0.998881,2268865.44,,,0.998777,14903.46,0.999665,27729.8,0.999088,-4.2700768,132,2_220_2
0,2,230,0.0,0,0.998449,10882770.75,,,0.998232,12145.32,0.998449,78225.5,0.998261,5.069971,133,2_230_0
1,2,230,0.0,0,0.996819,1798850.57,,,0.996307,1929.18,0.996819,39480.75,0.996331,-5.9098005,133,2_230_1
2,2,230,33669.5,-1,0.998881,2270013.26,,,0.998777,14903.46,0.999665,31363.36,0.999063,-6.4098835,133,2_230_2
0,2,240,0.0,0,0.998449,10882770.75,,,0.998449,18774.12,0.998557,29544.84,0.998491,3.939867,134,2_240_0
1,2,240,0.0,0,0.996762,1808004.13,,,0.995967,17532.0,0.996762,1052.76,0.996717,-18.450022,134,2_240_1
2,2,240,39026.02,-1,0.998881,2294117.57,,,0.998829,3439.44,0.999665,31363.36,0.998912,8.679628,134,2_240_2
0,2,250,0.0,0,0.998666,11068314.94,,,0.998449,23007.5,0.998666,50627.5,0.998517,3.4296513,135,2_250_0
1,2,250,609591.89,-1,0.996364,1858524.74,,,0.996194,17536.0,0.996762,175.46,0.996756,-17.82,135,2_250_1
2,2,250,0.0,0,0.998829,2355143.54,,,0.998777,7260.66,0.999195,1911.5,0.999108,0.18954277,135,2_250_2
0,2,260,0.0,0,0.998666,11105184.13,,,0.998449,10583.45,0.998666,48602.4,0.998488,0.059604645,136,2_260_0
1,2,260,555726.71,-1,0.996137,1912389.92,,,0.995399,700.88,0.996307,17538.0,0.995433,-5.840063,136,2_260_1
2,2,260,0.0,0,0.998829,2452134.67,,,0.998777,11273.13,0.999404,1911.9,0.999313,1.5997887,136,2_260_2
0,2,270,0.0,0,0.998449,11105184.13,,,0.99834,14171.08,0.998449,27240.88,0.998377,1.1503696,137,2_270_0
1,2,270,571217.35,-1,0.995569,1912389.92,,,0.995399,700.88,0.99608,32788.58,0.995413,-4.6902895,137,2_270_1
2,2,270,776120.33,-1,0.998829,2536882.34,,,0.998568,573.09,0.999404,4397.37,0.998664,8.050203,137,2_270_2
0,2,280,705860.63,1,0.998774,11775281.64,,,0.998557,29544.84,0.998774,4603.0,0.998745,-1.1700392,138,2_280_0
1,2,280,718026.37,-1,0.995399,2074513.55,,,0.995399,1401.76,0.99608,35068.0,0.995425,-7.6800585,138,2_280_1
2,2,280,686016.14,-1,0.99862,2944742.47,,,0.998568,573.09,0.99909,1529.04,0.99871,5.700588,138,2_280_2
0,2,290,170335.65,1,0.998991,13853782.18,,,0.998883,25779.6,0.9991,39138.25,0.998969,4.249811,139,2_290_0
1,2,290,857090.07,-1,0.995455,2485015.51,,,0.995171,17518.0,0.995967,525.96,0.995943,-10.510087,139,2_290_1
2,2,290,591320.66,-1,0.99862,3551558.76,,,0.998568,6686.05,0.999404,91388.82,0.998625,6.8104267,139,2_290_2
0,2,300,0.0,0,0.998774,16122712.09,0.998774,0.998774,0.998774,26052.98,0.998883,11048.4,0.998851,3.5595894,140,2_300_0
1,2,300,1119550.8,-1,0.994376,2791483.74,0.946316,0.977504,0.994206,525.03,0.995058,175.16,0.994845,7.380247,140,2_300_1
2,2,300,56625.98,-1,0.999404,4585748.18,0.998725,0.998725,0.999404,13192.11,1.00024,19135.0,0.999746,-1.4197826,140,2_300_2
0,2,310,0.0,0,0.998557,16122712.09,0.998557,0.998557,0.998557,46940.4,0.998666,25774.0,0.998627,5.8805943,141,2_310_0
1,2,310,1061636.93,-1,0.994717,2849397.61,0.947907,0.978356,0.994717,1400.8,0.995569,36101.5,0.994749,2.1398067,141,2_310_1
2,2,310,47443.39,-1,0.999352,4594930.78,0.998725,0.999038,0.998568,10124.59,1.00024,41714.3,0.998895,4.3201447,141,2_310_2
0,2,320,0.0,0,0.99834,16122712.09,0.99834,0.99834,0.99834,18404.0,0.998449,57242.66,0.998367,8.62956,142,2_320_0
1,2,320,1043857.9,-1,0.994376,2867176.64,0.947907,0.978356,0.994262,19077.18,0.995228,20672.42,0.994726,2.0003319,142,2_320_1
2,2,320,47443.39,-1,0.999352,4594930.78,0.998725,0.999143,0.99909,1529.04,0.999665,1912.4,0.999346,-2.1797419,142,2_320_2
0,2,330,0.0,0,0.998232,16122712.09,0.998232,0.998232,0.998232,48489.27,0.99834,96621.0,0.998268,5.429983,143,2_330_0
1,2,330,1038577.0,-1,0.994546,2872457.54,0.947907,0.978413,0.994262,19077.18,0.994774,2101.32,0.994723,3.2699108,143,2_330_1
2,2,330,47443.39,-1,0.999352,4594930.78,0.998725,0.998934,0.998986,5159.97,0.999665,8414.56,0.999244,3.8397312,143,2_330_2
0,2,340,0.0,0,0.998232,16122712.09,0.998232,0.998232,0.998232,85201.26,0.99834,18404.0,0.998321,3.1995773,144,2_340_0
1,2,340,1013404.71,-1,0.994433,2897629.83,0.947907,0.979265,0.994319,175.03,0.994774,2101.32,0.994354,6.530285,144,2_340_1
2,2,340,28312.99,-1,0.998934,4594930.78,0.998725,0.998829,0.998777,1337.49,0.999613,4398.29,0.998972,12.819767,144,2_340_2
0,2,350,0.0,0,0.998774,16122712.09,0.998774,0.998774,0.998774,31300.4,0.998883,13810.5,0.99885,-1.1497736,145,2_350_0
1,2,350,978198.71,-1,0.994433,2932835.83,0.948418,0.980685,0.994319,175.03,0.994774,2101.32,0.994354,6.120205,145,2_350_1
2,2,350,18173.88,-1,0.998777,4605069.89,0.998725,0.998725,0.99862,12226.56,0.999613,73814.78,0.998761,15.560389,145,2_350_2
0,2,360,0.0,0,0.998774,16122712.09,0.998774,0.998774,0.998774,64534.06,0.998883,20071.26,0.998857,-2.6601553,146,2_360_0
1,2,360,975734.29,-1,0.99466,2935300.25,0.948418,0.985514,0.994319,55484.51,0.995399,10162.76,0.995232,-6.5797567,146,2_360_1
2,2,360,0.0,0,0.998725,4623243.77,0.998725,0.998725,0.99862,26936.64,0.9993,1911.7,0.999255,10.529757,146,2_360_2
0,2,370,0.0,0,0.9991,16122712.09,0.9991,0.9991,0.9991,11879.61,0.999208,18512.1,0.999142,-5.400181,147,2_370_0
1,2,370,975734.29,-1,0.994717,2935300.25,0.948418,0.983582,0.994319,48483.31,0.995399,43279.34,0.99489,4.3797493,147,2_370_1
2,2,370,0.0,0,0.998725,4623243.77,0.998725,0.998725,0.99862,26936.64,0.9993,1911.7,0.999255,14.859438,147,2_370_2
0,2,380,0.0,0,0.998991,16122712.09,0.998991,0.998991,0.998991,92264.16,0.999208,32327.1,0.999152,-4.479885,148,2_380_0
1,2,380,975734.29,-1,0.994717,2935300.25,0.948418,0.983582,0.994433,43412.4,0.995399,57296.94,0.994849,3.0601025,148,2_380_1
2,2,380,28312.99,-1,0.998986,4594930.78,0.998725,0.998725,0.99862,26936.64,0.999352,18735.64,0.999052,16.429424,148,2_380_2
0,2,390,0.0,0,0.998557,16122712.09,0.998557,0.998557,0.998557,30925.44,0.998666,119757.05,0.99858,-1.7797947,149,2_390_0
1,2,390,975734.29,-1,0.99449,2935300.25,0.948418,0.981594,0.994433,39386.25,0.99483,1225.84,0.994818,-0.97990036,149,2_390_1
2,2,390,28312.99,-1,0.999143,4594930.78,0.998725,0.99909,0.998881,2101.99,1.00024,3444.3,0.999397,7.699728,149,2_390_2
0,2,400,0.0,0,0.998449,16122712.09,0.998449,0.998449,0.998449,44542.52,0.998557,147171.96,0.998474,0.71048737,150,2_400_0
1,2,400,975734.29,-1,0.99466,2935300.25,0.948418,0.980685,0.994603,2276.04,0.995001,1576.35,0.994838,3.6394596,150,2_400_1
2,2,400,47443.39,-1,0.999352,4594930.78,0.998725,0.999352,0.999247,22939.2,1.00024,4209.7,1.000087,2.8395653,150,2_400_2
0,2,410,0.0,0,0.998557,16122712.09,0.998557,0.998557,0.998557,33870.72,0.998666,63238.35,0.998595,-1.090169,151,2_410_0
1,2,410,881734.27,-1,0.99466,3029300.27,0.958473,0.985514,0.994092,107268.87,0.995114,42741.48,0.994823,12.669563,151,2_410_1
2,2,410,52417.3,-1,0.999613,4589956.87,0.998725,0.999613,0.999509,43213.46,1.00024,4209.7,1.000176,3.6895275,151,2_410_2
0,2,420,0.0,0,0.998449,16122712.09,0.998449,0.998449,0.998449,64973.18,0.998557,63415.56,0.998504,0.1502037,152,2_420_0
1,2,420,881734.27,-1,0.99466,3029300.27,0.958473,0.985514,0.994206,48827.79,0.995114,107379.21,0.99449,12.429953,152,2_420_1
2,2,420,52417.3,-1,0.999613,4589956.87,0.998725,0.999613,0.999509,141686.61,1.00024,4209.7,1.000219,0.38027763,152,2_420_2
0,2,430,0.0,0,0.998232,16122712.09,0.998232,0.998232,0.998232,30087.27,0.99834,9202.0,0.998315,-0.43988228,153,2_430_0
1,2,430,881734.27,-1,0.994546,3029300.27,0.958473,0.985514,0.994206,63703.64,0.995058,1401.28,0.995039,5.249977,153,2_430_1
2,2,430,51078.17,-1,0.999979,4591296.0,0.998725,0.999875,0.999875,59870.64,1.000711,26993.04,1.000451,-2.7102232,153,2_430_2
0,2,440,0.0,0,0.998449,16122712.09,0.998449,0.998449,0.998449,55862.21,0.998557,12609.48,0.998537,0.2503395,154,2_440_0
1,2,440,865363.48,-1,0.994546,3063098.03,0.965915,0.985514,0.994206,60203.44,0.995058,5429.96,0.994987,7.419586,154,2_440_1
2,2,440,51078.17,-1,0.999979,4591296.0,0.998725,0.999875,0.999875,98126.64,1.000711,27950.24,1.000526,6.3204765,154,2_440_2
0,2,450,0.0,0,0.998449,16122712.09,0.998449,0.998449,0.998449,59543.41,0.998557,18500.04,0.998532,3.2901764,155,2_450_0
1,2,450,824700.55,-1,0.994717,3103760.96,0.969039,0.985514,0.994717,3502.0,0.995058,5429.96,0.99485,10.260344,155,2_450_1
2,2,450,51078.17,-1,1.000084,4591296.0,0.998725,0.999875,1.000031,19131.0,1.000711,29864.64,1.000297,-0.6502867,155,2_450_2
0,2,460,0.0,0,0.998449,16122712.09,0.998449,0.998449,0.998449,36259.82,0.998666,19054.35,0.998591,2.6798248,156,2_460_0
1,2,460,825756.73,-1,0.995228,3166075.58,0.989377,0.992672,0.995228,6832.41,0.995342,35567.63,0.995246,4.849434,156,2_460_1
2,2,460,41512.97,-1,1.000084,4600861.2,0.999404,1.000031,1.000031,117081.72,1.000711,89402.48,1.000417,-2.4598837,156,2_460_2
0,2,470,0.0,0,0.998557,16122712.09,0.998557,0.998557,0.998557,19604.52,0.998666,37004.1,0.998595,3.540516,157,2_470_0
1,2,470,769955.22,-1,0.99591,3262363.99,0.990854,0.99341,0.99591,20861.89,0.996194,175.36,0.996191,0.74982643,157,2_470_1
2,2,470,64086.84,-1,1.00092,4578287.33,0.999404,1.000554,1.000397,9569.0,1.001704,39284.15,1.000654,2.1100044,157,2_470_2
0,2,480,0.0,0,0.998557,16122712.09,0.998557,0.998557,0.998557,75288.72,0.998666,65539.6,0.998615,0.04053116,158,2_480_0
1,2,480,436730.43,-1,0.995455,3555101.88,0.99341,0.994319,0.995399,74994.16,0.995967,25421.4,0.995823,8.510351,158,2_480_1
2,2,480,26782.56,-1,1.000136,4615591.61,0.999404,1.000136,1.000031,11478.6,1.00092,20105.4,1.000355,2.939701,158,2_480_2
0,2,490,0.0,0,0.998449,16122712.09,0.998449,0.998449,0.998449,4693.53,0.998557,30465.24,0.998463,2.2101402,159,2_490_0
1,2,490,353644.27,-1,0.995455,3638188.04,0.993524,0.994887,0.995399,93392.26,0.995967,56102.4,0.995753,12.960434,159,2_490_1
2,2,490,26782.56,-1,1.000188,4615591.61,0.999404,1.000084,1.000031,40366.41,1.000868,58398.35,1.000373,0.9596348,159,2_490_2
0,2,500,0.0,0,0.998557,16122712.09,0.998557,0.998557,0.998557,64520.04,0.998666,56150.5,0.998615,3.4105778,160,2_500_0
1,2,500,353644.27,-1,0.995512,3638188.04,0.993524,0.995114,0.995399,217097.58,0.995967,107471.16,0.995779,22.900105,160,2_500_1
2,2,500,35773.85,-1,1.000606,4606600.32,0.999404,1.00045,1.00045,139906.09,1.001338,23370.32,1.001211,-8.31008,160,2_500_2
0,2,510,0.0,0,0.998774,16166955.11,0.998774,0.998774,0.998774,21449.98,0.998883,3130.38,0.998869,-0.4798174,161,2_510_0
1,2,510,375471.99,-1,0.995796,3633963.32,0.993524,0.994887,0.995796,87119.13,0.99591,30328.63,0.99588,20.940304,161,2_510_1
2,2,510,32521.68,-1,1.000554,4609852.49,0.999404,1.000554,1.000031,7843.71,1.001338,40993.84,1.000241,6.6304207,161,2_510_2
0,2,520,0.0,0,0.998883,16183546.25,0.998883,0.998883,0.998883,24674.76,0.9991,37756.9,0.998969,-1.72019,162,2_520_0
1,2,520,375471.99,-1,0.995796,3633963.32,0.993524,0.994717,0.995796,54339.9,0.99591,93264.92,0.995838,18.949509,162,2_520_1
2,2,520,32521.68,-1,1.000554,4609852.49,0.999404,1.000554,1.000084,20853.88,1.001286,106693.35,1.00028,9.3102455,162,2_520_2
0,2,530,0.0,0,0.998883,16183546.25,0.998883,0.998883,0.998883,77430.87,0.998991,46960.8,0.99895,-0.5698204,163,2_530_0
1,2,530,221269.71,-1,0.996137,3813689.95,0.993978,0.995683,0.995569,59585.0,0.996535,22804.6,0.996268,23.499727,163,2_530_1
2,2,530,37686.89,-1,1.000659,4604687.28,0.999404,1.000659,1.00024,118637.0,1.001234,69529.02,1.000867,-3.799796,163,2_530_2
0,2,540,0.0,0,0.998557,16122712.09,0.998557,0.998557,0.998557,9480.12,0.998774,18596.12,0.998631,2.0194054,164,2_540_0
1,2,540,232535.63,-1,0.996648,3831292.95,0.993978,0.995853,0.996307,22097.88,0.99716,28260.33,0.996682,34.179688,164,2_540_1
2,2,540,37686.89,-1,1.000659,4604687.28,0.999404,1.000659,1.000293,47265.92,1.001234,74125.98,1.000659,-8.620024,164,2_540_2
